Employee ID,Name,Department,Role,Official Email,Phone Number,Aadhaar Number,Residential Address,Personal Email ID,PAN Number,Address,Email,Phone,Next_of_kin_name,Next_of_kin_relation,Next_of_kin_phone,Next_of_kin_email,Edge_Case
QIN1014,Arjun Chowdhury,Admin,Manager,arjun.chowdhury@qualcomm.in,-9693786370,9607-6390-2244,"984, Sector 11, Pune",arjun.chowdhury@yahoo.com,AAEJW2964K,"373, Sector 12, New Delhi",,,Megan Chowdhury,Kid,9.18634E+11,megan@chowdhury.com,employee address same as company
QIN1031,Arjun Kumar,Admin,Coordinator,arjun.kumar@qualcomm.in,-8678621545,5252-1568-1151,"117, Phase 19, Bangalore",arjun.kumar@outlook.com,PMIEH9498A,,,,Ashwariya Kumar,Sister,9.1967E+11,ashwariya@kumar.com,sister is company director
QIN1037,Priya Nair,Project Management,Manager,priya.nair@qualcomm.in,-8530368759,3922-1151-6994,"138, Sector 13, Bangalore",priya.nair@gmail.com,NDGVB5437A,,,,Dugesh Nair,Kid,9.16133E+11,brightaxis@llp.com,kin contact matches company contact
QIN1043,Deepak Chowdhury,Engineering,Coordinator,deepak.chowdhury@qualcomm.in,-8541618170,3305-9193-2224,"864, Sector 7, Bangalore",deepak.chowdhury@yahoo.com,IHMBI2732D,"373, Sector 15, New Delhi",,,Jignesh Chowdhury,Kid,9.18839E+11,john@reilly.com,employee address same as company
QIN1001,Angela Brennan,Project Management,Engineer,suresh.verma@qualcomm.in,-9880106942,5837-3710-9966,"682, Sector 14, Bangalore",suresh.verma@yahoo.com,GZDPR9823D,,,,Matthew Brennan,Spouse,9.19865E+11,matthew@wilson.com,son is company director
QIN1002,Katherine Anderson,Engineering,Manager,arjun.nair@qualcomm.in,-7905778842,8456-4693-4810,"832, Phase 4, Pune",arjun.nair@outlook.com,RHDWL4188W,,,,Rachel Anderson,Mother,9.17999E+11,rachel@anderson.com,mother is company director
QIN1003,Emily Norton,Admin,Analyst,meera.nair@qualcomm.in,-7006599936,7664-1707-1701,"406, Phase 6, Chennai",meera.nair@outlook.com,YIQZP5491O,,,,Thomas Dyer,Kid,9.17379E+11,thomas@dyer.com,
QIN1004,Anne Gamble,Compliance,Manager,deepak.joshi@qualcomm.in,-8940686720,5849-3938-1969,"520, Sector 11, Chennai",deepak.joshi@outlook.com,RMCHH6811M,,,,Deepika J,Kid,9.17093E+11,deepika@joshi.com,
QIN1005,Dennis Duncan,Admin,Analyst,suresh.joshi@qualcomm.in,-7058552346,2988-2587-9128,"195, Sector 12, Hyderabad",suresh.joshi@outlook.com,TGNJQ3461H,,,,Michael Williamson,Kid,9.16221E+11,michael@williamson.com,
QIN1006,Dawn Gilmore,Compliance,Analyst,amit.joshi@qualcomm.in,-9238854190,1559-6311-4089,"167, Phase 17, Noida",amit.joshi@outlook.com,TARMD3905R,,,,Sonya Schmidt,Kid,9.16435E+11,sonya@schmidt.com,
QIN1007,Mrs. Lynn Jones,Project Management,Manager,priya.verma@qualcomm.in,-7242272833,6181-1830-1477,"256, Phase 7, Pune",priya.verma@outlook.com,UZEBX7280T,,,,Carol Shelton,Kid,9.1882E+11,carol@shelton.com,
QIN1008,Curtis Booker,Admin,Coordinator,ravi.patel@qualcomm.in,-9870887407,6095-5662-7240,"443, Phase 4, Hyderabad",ravi.patel@yahoo.com,CQQOZ6571H,,,,Leslie Williams,Kid,9.16467E+11,leslie@williams.com,
QIN1009,Deepak Iyer,Project Management,Engineer,priya.sharma@qualcomm.in,-8034370784,5843-9777-9145,"524, Phase 15, Pune",priya.sharma@gmail.com,PHSTV4280M,,,,Adrian Iyer,Father,9.17909E+11,adrian@iyer.com,
QIN1010,Stephen Arnold,Admin,Coordinator,kiran.sharma@qualcomm.in,-9736978028,6191-8005-3302,"317, Sector 5, Bangalore",kiran.sharma@gmail.com,BJNGZ6872C,,,,Hunter Francis,Father,9.16874E+11,hunter@francis.com,
QIN1011,Julie Horton,IT,Coordinator,kiran.patel@qualcomm.in,-8044249638,8069-6871-5538,"887, Phase 3, Hyderabad",kiran.patel@yahoo.com,KMULR9361S,,,,Catherine Ellis,Mother,9.16443E+11,catherine@ellis.com,
QIN1012,Beverly Valdez,Compliance,Coordinator,suresh.joshi@qualcomm.in,-7924264259,6721-4287-6474,"119, Phase 7, Noida",suresh.joshi@yahoo.com,CQCUK6210J,,,,Craig Bennett,Father,9.1601E+11,craig@bennett.com,
QIN1013,Paul Sanchez,Compliance,Executive,meera.iyer@qualcomm.in,-8007737562,5372-8266-9325,"719, Sector 19, Hyderabad",meera.iyer@outlook.com,FYIOE9490I,,,,Victor Reynolds,Father,9.16859E+11,victor@reynolds.com,
QIN1015,Ryan Hall,Engineering,Coordinator,rina.verma@qualcomm.in,-7544508976,7938-5530-3204,"610, Phase 2, Noida",rina.verma@gmail.com,YCNTX5531M,,,,Ross Dawson,Father,9.16409E+11,ross@dawson.com,
QIN1016,Denise Mason,Engineering,Analyst,neha.nair@qualcomm.in,-8395399669,3405-5104-6070,"828, Sector 1, Pune",neha.nair@outlook.com,WXIEC3556N,,,,Jennifer Harvey,Mother,9.19043E+11,jennifer@harvey.com,
QIN1017,Raymond Chavez,Admin,Coordinator,arjun.patel@qualcomm.in,-8894221033,8946-1961-7601,"250, Sector 2, Noida",arjun.patel@yahoo.com,PSVEX2596F,,,,Alyssa Love,Mother,9.16934E+11,alyssa@love.com,
QIN1018,Thomas Tran,Compliance,Engineer,meera.iyer@qualcomm.in,-9467979071,7963-1414-3050,"263, Phase 11, Bangalore",meera.iyer@gmail.com,IKYNV3893R,,,,Gabriella Hartman,Mother,9.16493E+11,gabriella@hartman.com,
QIN1019,Darren Flynn,Project Management,Manager,deepak.iyer@qualcomm.in,-9210293158,6509-7659-7515,"884, Phase 12, Noida",deepak.iyer@outlook.com,KWPFS5283S,,,,Caleb Flores,Kid,9.18943E+11,caleb@flores.com,
QIN1020,Joseph Campbell,Compliance,Analyst,rina.joshi@qualcomm.in,-7163412949,4463-2716-9639,"200, Sector 19, Noida",rina.joshi@gmail.com,VQVCU7654D,,,,Danielle Franklin,Kid,9.17359E+11,danielle@franklin.com,
QIN1021,Kevin Villarreal,IT,Executive,meera.malhotra@qualcomm.in,-9431037801,8412-1868-9112,"352, Sector 11, Noida",meera.malhotra@outlook.com,RJWBK5517U,,,,Caitlyn White,Kid,9.19305E+11,caitlyn@white.com,
QIN1022,Wendy Johnson,Engineering,Manager,arjun.reddy@qualcomm.in,-7463048165,3065-8257-9437,"866, Phase 15, Hyderabad",arjun.reddy@gmail.com,TMJYZ6822A,,,,Allison Villanueva,Kid,9.16352E+11,allison@villanueva.com,
QIN1023,Patricia Carroll,IT,Executive,amit.verma@qualcomm.in,-7197636040,9948-2641-6468,"388, Phase 15, Hyderabad",amit.verma@outlook.com,SYZVO6548L,,,,Craig Cooke,Kid,9.18654E+11,craig@cooke.com,
QIN1024,Vickie Brown,Compliance,Coordinator,ravi.joshi@qualcomm.in,-8377170642,6753-3446-4373,"999, Phase 15, Pune",ravi.joshi@yahoo.com,BMBKW8997P,,,,Kenneth Gomez,Kid,9.18956E+11,kenneth@gomez.com,
QIN1025,Eric Carrillo,Engineering,Executive,ravi.chowdhury@qualcomm.in,-7568345744,9029-7659-1968,"982, Phase 18, Hyderabad",ravi.chowdhury@outlook.com,LXGWL6009T,,,,Joanna Leach,Kid,9.18348E+11,joanna@leach.com,
QIN1026,Luke Weeks,Project Management,Analyst,meera.malhotra@qualcomm.in,-9721072436,7788-4107-6847,"810, Sector 9, Pune",meera.malhotra@yahoo.com,UZJMK2710E,,,,Susan Russell,Kid,9.18606E+11,susan@russell.com,
QIN1027,Jimmy Cobb,IT,Executive,ravi.malhotra@qualcomm.in,-7328585461,8954-5248-3069,"325, Phase 18, Hyderabad",ravi.malhotra@gmail.com,HHCUQ6511W,,,,Chase Barr,Kid,9.17017E+11,chase@barr.com,
QIN1028,Mary King,IT,Coordinator,arjun.reddy@qualcomm.in,-9699820387,1814-8058-3711,"221, Phase 2, Hyderabad",arjun.reddy@gmail.com,NGPMB1236D,,,,Amy Johnson,Mother,9.1864E+11,amy@johnson.com,
QIN1029,Robert Garcia,Engineering,Coordinator,meera.malhotra@qualcomm.in,-8910479028,7090-2065-9438,"908, Phase 14, Noida",meera.malhotra@gmail.com,XSQYU1300K,,,,Gregory Gonzales,Kid,9.1787E+11,gregory@gonzales.com,
QIN1030,Charles Aguirre MD,Compliance,Engineer,kiran.iyer@qualcomm.in,-8952184269,6858-6705-9004,"605, Sector 2, Bangalore",kiran.iyer@outlook.com,ZQUTG6772I,,,,Craig Christian,Kid,9.17381E+11,craig@christian.com,
QIN1032,Andrew Hester,Admin,Engineer,priya.verma@qualcomm.in,-9342544153,9605-3565-5720,"872, Sector 16, Pune",priya.verma@yahoo.com,HVUPB4758E,,,,Bradley Tate,Kid,9.1969E+11,bradley@tate.com,
QIN1033,Ashley Torres,Procurement,Analyst,neha.reddy@qualcomm.in,-8933903752,3304-6814-5266,"114, Sector 4, Hyderabad",neha.reddy@yahoo.com,NRGOS8918U,,,,Vanessa Wallace,Mother,9.1836E+11,vanessa@wallace.com,
QIN1034,Willie Vincent,Compliance,Executive,amit.kumar@qualcomm.in,-8472470096,3385-8271-7814,"111, Sector 17, Bangalore",amit.kumar@outlook.com,QYCDN5128C,,,,Robert Reyes,Brother,9.19802E+11,robert@reyes.com,
QIN1035,Tracy Guzman,Procurement,Manager,suresh.chowdhury@qualcomm.in,-8383528527,4295-9181-3917,"760, Phase 7, Chennai",suresh.chowdhury@gmail.com,MGAKO4523N,,,,Amber Hunt,Sister,9.16937E+11,amber@hunt.com,
QIN1036,Andrew Burns,Project Management,Coordinator,priya.kumar@qualcomm.in,-7094168204,8759-1408-8953,"907, Sector 1, Noida",priya.kumar@outlook.com,YZYPL7529I,,,,Megan Rodriguez,Sister,9.18517E+11,megan@rodriguez.com,
QIN1038,Jeanette Chavez,IT,Coordinator,suresh.chowdhury@qualcomm.in,-9602924347,9831-1155-1803,"703, Phase 8, Pune",suresh.chowdhury@gmail.com,TEJQU3047K,,,,Candice Owens,Sister,9.17595E+11,candice@owens.com,
QIN1039,Louis Bailey,IT,Analyst,priya.joshi@qualcomm.in,-9901070480,6967-1710-7652,"804, Phase 6, Bangalore",priya.joshi@gmail.com,GSVVZ3128T,,,,Seth Henry,Brother,9.17903E+11,seth@henry.com,
QIN1040,Jill Gomez,Project Management,Coordinator,priya.patel@qualcomm.in,-8613179458,4586-3322-6530,"617, Phase 1, Hyderabad",priya.patel@yahoo.com,RJXVA1424Q,,,,Taylor Leblanc,Brother,9.16172E+11,taylor@leblanc.com,
QIN1041,Nathan Livingston,IT,Executive,neha.iyer@qualcomm.in,-7882261699,6335-6170-6585,"161, Sector 20, Hyderabad",neha.iyer@gmail.com,AXXQA1403L,,,,Connor Phillips,Brother,9.19815E+11,connor@phillips.com,
QIN1042,Katherine Rodgers,IT,Coordinator,amit.joshi@qualcomm.in,-9702205009,3058-5890-7104,"368, Phase 13, Chennai",amit.joshi@yahoo.com,TJHNO8119U,,,,Ann Knapp,Kid,9.18738E+11,ann@knapp.com,
QIN1044,James Ball,Project Management,Analyst,meera.sharma@qualcomm.in,-8438100785,5883-5005-1928,"389, Sector 4, Noida",meera.sharma@yahoo.com,QIDKI1325B,,,,Mark Schultz,Kid,9.17371E+11,mark@schultz.com,
QIN1045,Andrew Bennett,Project Management,Manager,arjun.chowdhury@qualcomm.in,-7151350220,2726-3991-6698,"249, Phase 18, Chennai",arjun.chowdhury@gmail.com,UPZXQ8400L,,,,Jonathan Mitchell,Kid,9.17968E+11,jonathan@mitchell.com,
QIN1046,Paul Morris,Procurement,Engineer,ravi.verma@qualcomm.in,-8177587725,3183-8725-4999,"104, Sector 20, Pune",ravi.verma@outlook.com,ZUUPP2684Q,,,,Stephen Smith,Kid,9.19942E+11,stephen@smith.com,
QIN1047,Megan Shelton,Procurement,Analyst,deepak.iyer@qualcomm.in,-7332897684,8739-2838-4956,"623, Sector 3, Noida",deepak.iyer@yahoo.com,PEFSD7016S,,,,Jacqueline Brooks,Kid,9.1853E+11,jacqueline@brooks.com,
QIN1048,Randy Blair,Compliance,Analyst,amit.joshi@qualcomm.in,-7321850906,1844-4410-6725,"975, Sector 9, Pune",amit.joshi@gmail.com,LSOXB3877E,,,,Samantha Miller,Mother,9.17859E+11,samantha@miller.com,
QIN1049,Laura Carter,Compliance,Coordinator,meera.patel@qualcomm.in,-9118577707,1833-6145-5865,"586, Sector 20, Hyderabad",meera.patel@outlook.com,ECDMK2241I,,,,Larry Romero,Brother,9.17585E+11,larry@romero.com,
QIN1050,Tracy Daniel,Procurement,Engineer,neha.malhotra@qualcomm.in,-8356149314,3511-4636-8135,"586, Sector 17, Bangalore",neha.malhotra@outlook.com,DXNNU5039V,,,,Diane Henderson,Sister,9.16168E+11,diane@henderson.com,
QIN1051,Nathan Yu,Admin,Executive,amit.sharma@qualcomm.in,-8155577097,6001-6337-8432,"731, Sector 16, Bangalore",amit.sharma@outlook.com,SQIST4118N,,,,Jesse Skinner,Sister,9.18952E+11,jesse@skinner.com,
QIN1052,Olivia Rodriguez,Compliance,Engineer,deepak.chowdhury@qualcomm.in,-7487533506,7731-7339-2707,"565, Sector 7, Hyderabad",deepak.chowdhury@yahoo.com,IQTWO3691A,,,,Monique Reyes,Kid,9.1983E+11,monique@reyes.com,
QIN1053,Frank Hughes,Compliance,Coordinator,deepak.kumar@qualcomm.in,-9217791991,8215-9426-9303,"206, Phase 16, Chennai",deepak.kumar@yahoo.com,NHJTF4506D,,,,Mikayla Harmon,Kid,9.19251E+11,mikayla@harmon.com,
QIN1054,Sheri Anderson,IT,Executive,amit.reddy@qualcomm.in,-7041506527,1024-1844-4850,"991, Phase 4, Pune",amit.reddy@outlook.com,UNVSZ5879K,,,,Kristin Hudson,Kid,9.17526E+11,kristin@hudson.com,
QIN1055,Julie Hubbard,Admin,Manager,suresh.nair@qualcomm.in,-8300919542,5319-9945-5055,"942, Sector 5, Noida",suresh.nair@yahoo.com,CRDDJ1120V,,,,Amy Boone,Mother,9.1706E+11,amy@boone.com,
QIN1056,Raymond Baker,IT,Executive,suresh.malhotra@qualcomm.in,-8064687490,8785-6099-8257,"963, Phase 8, Chennai",suresh.malhotra@gmail.com,UUMIP4578P,,,,Mary Robinson,Spouse,9.19499E+11,mary@robinson.com,
QIN1057,Paul Henderson,Compliance,Executive,kiran.kumar@qualcomm.in,-8613413547,5011-3667-8154,"488, Sector 2, Hyderabad",kiran.kumar@gmail.com,OMYZK5947P,,,,Lori Mckee,Spouse,9.18932E+11,lori@mckee.com,
QIN1058,Caitlin Sloan,Project Management,Engineer,deepak.chowdhury@qualcomm.in,-7118036534,8202-8940-2844,"288, Phase 2, Pune",deepak.chowdhury@gmail.com,DEKGS4424O,,,,Eric Tran,Father,9.16704E+11,eric@tran.com,
QIN1059,Robert Hamilton,IT,Analyst,arjun.verma@qualcomm.in,-7364045066,9325-7177-8262,"445, Sector 13, Noida",arjun.verma@outlook.com,NEOVI4905S,,,,David Torres,Brother,9.16706E+11,david@torres.com,
QIN1060,Andrea Thomas,Compliance,Coordinator,rina.reddy@qualcomm.in,-8667100490,5534-7170-8455,"210, Phase 12, Chennai",rina.reddy@outlook.com,BTYYA8001X,,,,Jennifer Anderson,Sister,9.17703E+11,jennifer@anderson.com,
QIN1061,Meera Nair,Engineering,Manager,rina.malhotra@qualcomm.in,-9272195690,5837-4334-3036,"640, Sector 1, Pune",rina.malhotra@gmail.com,IHCIM6286D,,,,Richard Williamson,Spouse,9.19486E+11,richard@williamson.com,
QIN1062,Deborah Clark,IT,Executive,ravi.verma@qualcomm.in,-9963884786,9135-2058-8727,"727, Phase 12, Noida",ravi.verma@yahoo.com,ZAUNM3546K,,,,David Young,Brother,9.1981E+11,david@young.com,
QIN1063,Rina Joshi,Engineering,Coordinator,neha.chowdhury@qualcomm.in,-9913166730,1823-3870-6651,"802, Sector 18, Pune",neha.chowdhury@gmail.com,PLRYD4949O,,,,Eric Joshi,Kid,9.18254E+11,eric@joshi.com,
QIN1064,Casey Long,Procurement,Coordinator,neha.sharma@qualcomm.in,-7473708419,7908-7676-6235,"395, Phase 7, Chennai",neha.sharma@outlook.com,KNUQL4056V,,,,Jennifer Miller,Kid,9.17028E+11,jennifer@miller.com,
QIN1065,Steven Hernandez,Project Management,Analyst,suresh.reddy@qualcomm.in,-8000868447,2841-2181-4802,"543, Sector 19, Noida",suresh.reddy@yahoo.com,ZVGKD7523E,,,,Kristin Green,Kid,9.16865E+11,kristin@green.com,
QIN1066,Marie Brown,Engineering,Executive,priya.joshi@qualcomm.in,-8215244647,3068-3538-1223,"765, Sector 1, Hyderabad",priya.joshi@outlook.com,AGHKM8458B,,,,Anna Richards,Kid,9.17531E+11,anna@richards.com,
QIN1067,Jessica Finley,Admin,Coordinator,ravi.iyer@qualcomm.in,-8823174908,4581-5434-4574,"114, Phase 16, Bangalore",ravi.iyer@yahoo.com,HHTWD5184S,,,,Rhonda Terry,Spouse,9.16808E+11,rhonda@terry.com,
QIN1068,Jason Flynn,Admin,Coordinator,amit.sharma@qualcomm.in,-7077163825,4130-8458-8665,"646, Sector 6, Noida",amit.sharma@gmail.com,KBOCZ4504M,,,,Carol Butler,Spouse,9.19515E+11,carol@butler.com,
QIN1069,Cynthia Robinson,Procurement,Executive,ravi.nair@qualcomm.in,-8631074929,5624-2037-2964,"138, Phase 17, Pune",ravi.nair@gmail.com,CRLFE8864O,,,,Joseph Russell,Spouse,9.16984E+11,joseph@russell.com,
QIN1070,Timothy Dawson,Project Management,Executive,meera.chowdhury@qualcomm.in,-9749944821,5217-1191-8039,"738, Sector 18, Hyderabad",meera.chowdhury@outlook.com,WIEKP7260O,,,,Charles Hernandez,Kid,9.19661E+11,charles@hernandez.com,
QIN1071,Dr. Matthew Martin,Compliance,Coordinator,priya.kumar@qualcomm.in,-8227937856,2608-2299-7503,"515, Sector 19, Bangalore",priya.kumar@yahoo.com,RZMSM3415Z,,,,Christopher Rodriguez,Kid,9.18378E+11,christopher@rodriguez.com,
QIN1072,Douglas Frazier,IT,Executive,arjun.iyer@qualcomm.in,-7476232985,9392-2472-6109,"175, Sector 6, Bangalore",arjun.iyer@gmail.com,RKPRN8670M,,,,John Francis,Kid,9.17591E+11,john@francis.com,
QIN1073,Justin Porter,Project Management,Coordinator,kiran.joshi@qualcomm.in,-7538209337,8828-9347-2420,"338, Phase 16, Chennai",kiran.joshi@gmail.com,FFQSW4211P,,,,Cassandra Henry,Spouse,9.19729E+11,cassandra@henry.com,
QIN1074,Marc Page,IT,Executive,amit.nair@qualcomm.in,-8357500385,6946-5537-9591,"828, Sector 2, Hyderabad",amit.nair@outlook.com,GGSMO3482M,,,,Samantha Cortez,Spouse,9.17543E+11,samantha@cortez.com,
QIN1075,Jason Esparza,Procurement,Analyst,suresh.chowdhury@qualcomm.in,-8464205876,3086-2915-4659,"121, Sector 1, Noida",suresh.chowdhury@outlook.com,CGLHY9631E,,,,Veronica Huerta,Spouse,9.19577E+11,veronica@huerta.com,
QIN1076,Elizabeth Rodriguez,Engineering,Manager,rina.kumar@qualcomm.in,-8865097792,5052-5397-2412,"436, Sector 12, Chennai",rina.kumar@yahoo.com,USHGS6834H,,,,Ashley Taylor,Spouse,9.17795E+11,ashley@taylor.com,
QIN1077,Eddie Fry,Admin,Manager,meera.kumar@qualcomm.in,-9657897956,4271-5502-7506,"132, Phase 10, Noida",meera.kumar@yahoo.com,EPUUI3223G,,,,Jonathan Farrell,Spouse,9.16797E+11,jonathan@farrell.com,
QIN1078,Julia Phelps,Admin,Coordinator,priya.sharma@qualcomm.in,-7658750895,7966-9458-5618,"858, Sector 10, Chennai",priya.sharma@outlook.com,ALMNC2201S,,,,Nancy Joseph,Kid,9.18054E+11,nancy@joseph.com,
QIN1079,Nicholas Larsen,Admin,Executive,meera.nair@qualcomm.in,-8617173386,4215-2308-5428,"286, Sector 19, Noida",meera.nair@yahoo.com,UEKVR3371Z,,,,Ian Livingston,Kid,9.16725E+11,ian@livingston.com,
QIN1080,Christopher Thompson,Procurement,Manager,arjun.nair@qualcomm.in,-9594725413,2279-2962-2599,"566, Phase 16, Pune",arjun.nair@yahoo.com,IQCAY1649J,,,,Penny Davis,Mother,9.17324E+11,penny@davis.com,
QIN1081,Christine Sampson,Engineering,Coordinator,meera.malhotra@qualcomm.in,-8104310509,4543-8228-9435,"101, Sector 4, Pune",meera.malhotra@gmail.com,POVAU5506G,,,,Kathy Cervantes,Mother,9.1775E+11,kathy@cervantes.com,
QIN1082,Billy Wright,IT,Coordinator,ravi.malhotra@qualcomm.in,-9321435258,6997-6591-6122,"844, Phase 10, Noida",ravi.malhotra@yahoo.com,MBEIB3754H,,,,Sarah Davenport,Mother,9.18864E+11,sarah@davenport.com,
QIN1083,David Smith,Compliance,Coordinator,arjun.reddy@qualcomm.in,-9744640893,1194-6255-5965,"264, Sector 5, Hyderabad",arjun.reddy@gmail.com,VVPDB3205Y,,,,Julie Rangel,Mother,9.18342E+11,julie@rangel.com,
QIN1084,Samantha Walker,Compliance,Coordinator,neha.kumar@qualcomm.in,-8409418197,9446-1133-4439,"972, Sector 6, Chennai",neha.kumar@gmail.com,OZQOU9439Y,,,,Amanda Shannon,Mother,9.18591E+11,amanda@shannon.com,
QIN1085,Jeffrey Sandoval,Engineering,Analyst,priya.iyer@qualcomm.in,-8772829225,9699-8381-1808,"346, Sector 6, Pune",priya.iyer@gmail.com,PJZIA2782L,,,,Lisa Howard,Mother,9.16135E+11,lisa@howard.com,
QIN1086,Kaylee Wood,Procurement,Coordinator,suresh.verma@qualcomm.in,-8959687108,3310-3374-8262,"743, Sector 2, Bangalore",suresh.verma@gmail.com,ALESP3796M,,,,Cynthia Hughes,Mother,9.1724E+11,cynthia@hughes.com,
QIN1087,Kaylee Garza,IT,Manager,neha.joshi@qualcomm.in,-9250633356,9980-2227-6662,"932, Sector 14, Pune",neha.joshi@yahoo.com,XDOER5394I,,,,Martin Carlson,Father,9.18197E+11,martin@carlson.com,
QIN1088,Diana Kelly,Procurement,Analyst,priya.chowdhury@qualcomm.in,-9873560456,8045-8446-1739,"786, Phase 16, Chennai",priya.chowdhury@yahoo.com,AINVI8962F,,,,Robert Taylor,Father,9.18284E+11,robert@taylor.com,
QIN1089,Nichole Garcia,Admin,Executive,ravi.joshi@qualcomm.in,-9495480881,5312-9693-1558,"261, Phase 12, Chennai",ravi.joshi@yahoo.com,QPECP2640W,,,,Daniel Walker,Father,9.18596E+11,daniel@walker.com,
QIN1090,Thomas Dean,Project Management,Analyst,kiran.chowdhury@qualcomm.in,-9554966774,7091-5853-7199,"415, Sector 11, Bangalore",kiran.chowdhury@gmail.com,UCOYJ7920H,,,,Sarah Thomas,Spouse,9.17861E+11,sarah@thomas.com,
QIN1091,Billy Harding,IT,Coordinator,neha.joshi@qualcomm.in,-7264747611,6834-6042-9795,"257, Sector 5, Hyderabad",neha.joshi@gmail.com,THFAB6011D,,,,Lisa Bishop,Spouse,9.16178E+11,lisa@bishop.com,
QIN1092,Stephen Booker,Compliance,Executive,arjun.nair@qualcomm.in,-8408099233,6348-2330-2651,"404, Phase 4, Noida",arjun.nair@outlook.com,ZAIJG5487Y,,,,Sean Garcia,Spouse,9.17424E+11,sean@garcia.com,
QIN1093,Elizabeth Wallace,Project Management,Executive,arjun.sharma@qualcomm.in,-7785185516,6388-8731-9627,"260, Sector 10, Noida",arjun.sharma@gmail.com,CUQWX8052L,,,,Elizabeth Lee,Spouse,9.17086E+11,elizabeth@lee.com,
QIN1094,Connie Mcclure,Project Management,Coordinator,suresh.iyer@qualcomm.in,-7821484541,9500-7130-7568,"130, Sector 15, Noida",suresh.iyer@outlook.com,PWXQM2912V,,,,Bradley Russo,Father,9.19359E+11,bradley@russo.com,
QIN1095,Kayla Jacobs,Admin,Executive,suresh.malhotra@qualcomm.in,-9014073491,6366-7131-7211,"495, Phase 6, Hyderabad",suresh.malhotra@yahoo.com,CRJOK3845O,,,,Elizabeth Zamora,Kid,9.19365E+11,elizabeth@zamora.com,
QIN1096,Troy Jimenez,Engineering,Analyst,priya.verma@qualcomm.in,-9914040420,8698-4632-3316,"455, Phase 10, Bangalore",priya.verma@gmail.com,YLMWE1182V,,,,Joel Coleman,Father,9.19815E+11,joel@coleman.com,
QIN1097,Christina Garcia,Compliance,Analyst,deepak.reddy@qualcomm.in,-7958448936,9861-1785-2537,"194, Phase 12, Pune",deepak.reddy@yahoo.com,RZOQN7661L,,,,Melissa Espinoza,Kid,9.18379E+11,melissa@espinoza.com,
QIN1098,Kyle Owens,Project Management,Analyst,arjun.nair@qualcomm.in,-9056498205,7491-3756-8860,"662, Sector 6, Pune",arjun.nair@yahoo.com,KDRFO5239T,,,,Paul Morales,Spouse,9.19724E+11,paul@morales.com,
QIN1099,Eric Lewis,Project Management,Coordinator,meera.reddy@qualcomm.in,-7406016686,9904-8415-1668,"767, Sector 3, Bangalore",meera.reddy@outlook.com,UYPXR9524J,,,,Savannah Horton,Spouse,9.16095E+11,savannah@horton.com,
QIN1100,Edward Davis,Admin,Engineer,deepak.kumar@qualcomm.in,-8795067397,1977-9115-3143,"517, Phase 4, Chennai",deepak.kumar@yahoo.com,AJTOS2541S,,,,Eric Clark,Spouse,9.17853E+11,eric@clark.com,
